City_ID,City,Country,Date,Lat,Lng,Max Temp,Humidity,Cloudiness,Wind Speed
0,Quatre Cocos,MU,2022-07-23 23:10:36,-20.2078,57.7625,69.1,77,49,14.76
1,Rikitea,PF,2022-07-23 23:10:36,-23.1203,-134.9692,72.91,63,0,8.39
2,Salalah,OM,2022-07-23 23:07:52,17.0151,54.0924,77.09,94,75,6.91
3,Clarence Town,AU,2022-07-23 23:10:37,-32.5833,151.7833,54.99,84,17,1.83
4,Caravelas,BR,2022-07-23 23:10:37,-17.7125,-39.2481,70.59,76,0,6.64
5,Mataura,NZ,2022-07-23 23:10:37,-46.1927,168.8643,42.21,69,80,1.36
6,Hilo,US,2022-07-23 23:10:38,19.7297,-155.09,85.28,87,100,6.91
7,Jamestown,US,2022-07-23 23:10:38,42.097,-79.2353,79.72,81,75,5.75
8,Albany,US,2022-07-23 23:10:38,42.6001,-73.9662,91.17,47,19,3.4
9,Del Rio,US,2022-07-23 23:10:39,29.3627,-100.8968,100.8,26,0,18.41
10,North Bend,US,2022-07-23 23:10:39,43.4065,-124.2243,76.91,76,0,24.16
11,Ahuimanu,US,2022-07-23 23:10:39,21.4447,-157.8378,91.11,61,75,18.41
12,Langen,DE,2022-07-23 23:10:40,49.9933,8.6728,73.51,60,0,11.5
13,Bluff,NZ,2022-07-23 23:08:16,-46.6,168.3333,39.79,82,43,5.01
14,Ushuaia,AR,2022-07-23 23:07:27,-54.8,-68.3,27.25,87,66,6.64
15,Vaini,TO,2022-07-23 23:10:40,-21.2,-175.2,71.47,66,100,21.52
16,Tiksi,RU,2022-07-23 23:10:41,71.6872,128.8694,48.85,78,31,6.17
17,Kapaa,US,2022-07-23 23:07:41,22.0752,-159.319,84.52,66,20,12.66
18,Severo-Kurilsk,RU,2022-07-23 23:08:00,50.6789,156.125,56.82,88,55,4.23
19,Sur,OM,2022-07-23 23:10:33,22.5667,59.5289,86.83,68,41,9.22
20,San Quintin,MX,2022-07-23 23:10:41,30.4833,-115.95,71.64,66,22,9.46
21,Nikolskoye,RU,2022-07-23 23:10:42,59.7035,30.7861,62.15,98,62,4.41
22,Yellowknife,CA,2022-07-23 23:10:42,62.456,-114.3525,70.57,36,18,14.16
23,Puerto Ayora,EC,2022-07-23 23:07:22,-0.7393,-90.3518,70.56,87,78,8.99
24,Hermanus,ZA,2022-07-23 23:10:42,-34.4187,19.2345,53.37,68,66,4.61
25,Georgetown,MY,2022-07-23 23:10:43,5.4112,100.3354,77.9,90,20,5.75
26,Upernavik,GL,2022-07-23 23:10:43,72.7868,-56.1549,42.94,96,100,4.52
27,Goderich,CA,2022-07-23 23:10:43,43.7501,-81.7165,79.57,71,46,8.77
28,Cape Town,ZA,2022-07-23 23:06:42,-33.9258,18.4232,55.38,70,6,7.0
29,Punta Arenas,CL,2022-07-23 23:10:44,-53.15,-70.9167,35.31,69,73,11.88
30,Komsomolskiy,UZ,2022-07-23 23:10:44,40.4272,71.7189,84.92,28,2,11.5
31,Ponta Do Sol,PT,2022-07-23 23:09:12,32.6667,-17.1,74.12,61,3,2.66
32,Victoria,HK,2022-07-23 23:10:45,22.2855,114.1577,87.96,77,31,5.01
33,New Norfolk,AU,2022-07-23 23:10:45,-42.7826,147.0587,50.13,94,100,2.1
34,Vostok,RU,2022-07-23 23:10:45,46.4856,135.8833,62.76,92,100,0.74
35,Lompoc,US,2022-07-23 23:10:46,34.6391,-120.4579,70.0,53,4,13.91
36,Hobart,AU,2022-07-23 23:07:04,-42.8794,147.3294,49.26,94,75,3.44
37,Anadyr,RU,2022-07-23 23:10:46,64.75,177.4833,51.49,61,100,3.18
38,Sao Felix Do Xingu,BR,2022-07-23 23:10:46,-6.6447,-51.995,77.88,43,99,0.74
39,Saldanha,ZA,2022-07-23 23:10:47,-33.0117,17.9442,54.82,68,0,20.96
40,Hamilton,US,2022-07-23 23:09:08,39.1834,-84.5333,90.0,59,0,4.61
41,Mattru,SL,2022-07-23 23:06:41,7.6244,-11.8332,73.44,90,98,2.13
42,Gitarama,RW,2022-07-23 23:10:47,-2.0744,29.7567,64.62,51,94,2.3
43,Naze,JP,2022-07-23 23:08:09,28.3667,129.4833,79.68,69,100,0.74
44,Atuona,PF,2022-07-23 23:10:48,-9.8,-139.0333,77.59,76,44,18.12
45,Aswan,EG,2022-07-23 23:10:48,24.0934,32.907,87.35,16,18,10.42
46,Chokurdakh,RU,2022-07-23 23:10:48,70.6333,147.9167,59.04,44,84,11.81
47,Kaitangata,NZ,2022-07-23 23:10:49,-46.2817,169.8464,40.96,69,46,2.33
48,Beian,NO,2022-07-23 23:11:49,63.6559,9.5683,53.01,87,0,4.61
49,Ratnagiri,IN,2022-07-23 23:11:49,16.9833,73.3,78.78,83,100,10.0
50,Lagoa,PT,2022-07-23 23:11:50,39.05,-27.9833,72.57,90,21,9.93
51,Lazaro Cardenas,MX,2022-07-23 23:11:50,17.9583,-102.2,85.14,70,94,10.22
52,Sola,VU,2022-07-23 23:07:00,-13.8833,167.55,80.31,77,13,11.7
53,Cidreira,BR,2022-07-23 23:11:15,-30.1811,-50.2056,62.33,97,57,9.78
54,Omutninsk,RU,2022-07-23 23:11:51,58.67,52.1932,62.92,85,72,4.43
55,Bengkulu,ID,2022-07-23 23:10:51,-3.8004,102.2655,74.88,89,87,4.63
56,Butaritari,KI,2022-07-23 23:11:51,3.0707,172.7902,81.39,80,25,15.86
57,Syracuse,IT,2022-07-23 23:11:41,37.0881,15.2792,80.31,54,0,6.71
58,Srednebelaya,RU,2022-07-23 23:11:51,50.6594,128.0106,68.18,75,11,4.23
59,Te Anau,NZ,2022-07-23 23:11:52,-45.4167,167.7167,42.35,87,60,1.05
60,Oranjemund,NA,2022-07-23 23:11:52,-28.55,16.4333,52.41,77,0,15.97
61,Saint-Philippe,RE,2022-07-23 23:11:53,-21.3585,55.7679,67.59,84,60,12.12
62,Taozhuang,CN,2022-07-23 23:11:53,34.85,117.3333,74.21,85,0,3.02
63,Maragogi,BR,2022-07-23 23:11:53,-9.0122,-35.2225,75.11,83,28,12.44
64,Kiunga,PG,2022-07-23 23:11:54,-6.1219,141.2906,74.61,98,100,2.77
65,Salinopolis,BR,2022-07-23 23:11:54,-0.6136,-47.3561,79.75,83,85,11.39
66,Nome,US,2022-07-23 23:11:54,64.5011,-165.4064,48.27,87,100,14.97
67,Tchollire,CM,2022-07-23 23:11:55,8.4022,14.1698,70.03,98,96,1.72
68,Alyangula,AU,2022-07-23 23:08:58,-13.8483,136.4192,68.81,74,27,5.97
69,Tilichiki,RU,2022-07-23 23:11:55,60.4667,166.1,50.59,75,100,7.47
70,Port Lincoln,AU,2022-07-23 23:11:55,-34.7333,135.8667,55.67,72,75,15.7
71,Erenhot,CN,2022-07-23 23:11:56,43.6475,111.9767,77.77,27,69,17.67
72,Arraial Do Cabo,BR,2022-07-23 23:11:56,-22.9661,-42.0278,72.03,87,6,21.12
73,Balkhash,KZ,2022-07-23 23:11:56,46.844,74.9804,73.0,38,48,10.02
74,Busselton,AU,2022-07-23 23:11:57,-33.65,115.3333,50.77,69,86,10.09
75,Mount Gambier,AU,2022-07-23 23:11:57,-37.8333,140.7667,49.91,100,100,11.5
76,Tuktoyaktuk,CA,2022-07-23 23:11:58,69.4541,-133.0374,39.96,94,100,14.83
77,Katsuura,JP,2022-07-23 23:11:58,35.1333,140.3,80.2,79,99,12.64
78,Samarai,PG,2022-07-23 23:10:03,-10.6167,150.6667,79.54,83,84,12.82
79,Itarema,BR,2022-07-23 23:11:58,-2.9248,-39.9167,79.32,75,51,14.63
80,Turtas,RU,2022-07-23 23:11:59,58.9417,69.1325,46.69,86,15,4.36
81,Saint-Augustin,CA,2022-07-23 23:08:14,51.226,-58.6502,64.26,83,77,5.3
82,Bubaque,GW,2022-07-23 23:11:59,11.2833,-15.8333,80.15,80,100,16.28
83,San Patricio,US,2022-07-23 23:12:00,28.017,-97.5169,94.15,53,38,18.37
84,Bethel,US,2022-07-23 23:12:00,41.3712,-73.414,91.36,51,0,4.61
85,Longyearbyen,SJ,2022-07-23 23:12:00,78.2186,15.6401,48.04,87,75,9.22
86,Kutum,SD,2022-07-23 23:12:01,14.2,24.6667,81.82,36,62,4.74
87,Weligama,LK,2022-07-23 23:12:01,5.9667,80.4167,78.22,86,91,13.13
88,Provideniya,RU,2022-07-23 23:07:47,64.3833,-173.3,46.27,77,96,6.8
89,High Level,CA,2022-07-23 23:12:02,58.5169,-117.136,79.41,30,97,6.46
90,Nuevo Progreso,MX,2022-07-23 23:12:02,23.1667,-97.95,89.55,55,36,5.01
91,Guanica,PR,2022-07-23 23:13:02,17.9716,-66.908,82.98,83,56,11.36
92,Villa Rica,US,2022-07-23 23:13:03,33.7321,-84.9191,88.43,77,55,4.41
93,Tecoanapa,MX,2022-07-23 23:13:03,16.5167,-98.75,84.78,71,100,7.45
94,Qaanaaq,GL,2022-07-23 23:13:03,77.484,-69.3632,37.35,99,100,0.58
95,Puerto Ayacucho,VE,2022-07-23 23:13:04,5.6639,-67.6236,76.84,88,68,5.59
96,Leningradskiy,RU,2022-07-23 23:13:04,69.3833,178.4167,34.68,94,100,6.73
97,Laguna,US,2022-07-23 23:13:04,38.421,-121.4238,103.14,23,0,8.05
98,Mar Del Plata,AR,2022-07-23 23:12:30,-38.0023,-57.5575,54.25,91,100,4.59
99,Avarua,CK,2022-07-23 23:13:05,-21.2078,-159.775,71.96,70,97,20.74
100,Bambanglipuro,ID,2022-07-23 23:13:05,-7.95,110.2833,73.35,90,78,6.89
101,Pevek,RU,2022-07-23 23:10:26,69.7008,170.3133,36.07,84,96,4.23
102,Port Alfred,ZA,2022-07-23 23:12:24,-33.5906,26.891,52.18,84,80,5.99
103,Alofi,NU,2022-07-23 23:13:06,-19.0595,-169.9187,74.43,69,89,20.04
104,Kamaishi,JP,2022-07-23 23:13:06,39.2667,141.8833,73.89,83,80,1.14
105,Okakarara,NA,2022-07-23 23:13:06,-20.5833,17.4333,61.63,36,81,6.38
106,Dikson,RU,2022-07-23 23:13:07,73.5069,80.5464,48.52,79,82,10.22
107,Tasiilaq,GL,2022-07-23 23:12:50,65.6145,-37.6368,38.68,84,100,7.87
108,Sangmelima,CM,2022-07-23 23:13:07,2.9333,11.9833,66.56,100,96,2.57
109,Los Llanos De Aridane,ES,2022-07-23 23:13:08,28.6585,-17.9182,71.56,82,17,2.46
110,Ancud,CL,2022-07-23 23:13:08,-41.8697,-73.8203,46.22,91,100,1.36
111,Porto Velho,BR,2022-07-23 23:13:08,-8.7619,-63.9039,82.45,65,0,2.3
112,Conceicao Do Araguaia,BR,2022-07-23 23:13:09,-8.2578,-49.2647,80.69,33,10,2.51
113,Ilulissat,GL,2022-07-23 23:13:09,69.2167,-51.1,38.89,98,100,2.55
114,Bambous Virieux,MU,2022-07-23 23:11:50,-20.3428,57.7575,69.22,74,58,14.92
115,Dalby,AU,2022-07-23 23:13:09,-27.1833,151.2667,56.82,72,0,6.96
116,Necochea,AR,2022-07-23 23:13:10,-38.5473,-58.7368,53.26,88,86,2.89
117,Bouloupari,NC,2022-07-23 23:13:10,-21.8667,166.05,76.91,85,77,6.91
118,Sitka,US,2022-07-23 23:13:11,57.0531,-135.33,57.09,88,100,9.22
119,Baculin,PH,2022-07-23 23:13:11,7.4525,126.5842,80.38,82,100,3.24
120,Lincoln,US,2022-07-23 23:11:06,40.8,-96.667,101.12,38,0,19.57
121,Castro,BR,2022-07-23 23:13:11,-24.7911,-50.0119,59.5,67,100,2.71
122,Panaba,MX,2022-07-23 23:13:12,21.2833,-88.2667,90.3,50,100,16.87
123,Kaoma,ZM,2022-07-23 23:13:12,-14.7833,24.8,55.63,48,19,6.24
124,Gasa,PS,2022-07-23 23:13:12,31.5,34.4667,70.88,70,0,3.47
125,Kuandian,CN,2022-07-23 23:13:13,40.7286,124.7847,67.66,94,98,1.25
126,Nanortalik,GL,2022-07-23 23:13:13,60.1432,-45.2371,44.02,91,96,10.78
127,Ostrovnoy,RU,2022-07-23 23:13:13,68.0531,39.5131,49.84,92,98,2.91
128,Antofagasta,CL,2022-07-23 23:11:16,-23.65,-70.4,56.48,81,8,1.68
129,Balad,IQ,2022-07-23 23:13:14,34.0164,44.1453,89.4,15,0,10.42
130,Tete,MZ,2022-07-23 23:13:14,-16.1564,33.5867,65.12,66,10,3.09
131,Oswego,US,2022-07-23 23:13:15,43.4501,-76.1497,80.89,66,42,1.32
132,Itoman,JP,2022-07-23 23:13:15,26.1247,127.6694,86.38,84,20,3.44
133,Ishigaki,JP,2022-07-23 23:13:15,24.3448,124.1572,84.63,78,93,10.92
134,Pedasi,PA,2022-07-23 23:13:16,7.5333,-80.0333,78.06,80,98,1.9
135,Cherskiy,RU,2022-07-23 23:13:16,68.75,161.3,60.66,42,14,2.33
136,Skagen,DK,2022-07-23 23:13:16,57.7209,10.5839,59.43,79,25,19.19
137,Ubala,CO,2022-07-23 23:13:17,4.7478,-72.5369,76.55,86,79,5.61
138,Gao,ML,2022-07-23 23:14:17,16.6362,1.637,93.07,37,46,10.54
139,Lucea,JM,2022-07-23 23:14:17,18.451,-78.1736,84.06,79,100,5.95
140,Bredasdorp,ZA,2022-07-23 23:14:13,-34.5322,20.0403,50.45,71,36,2.91
141,Kupang,ID,2022-07-23 23:14:18,-10.1667,123.5833,71.1,69,65,8.28
142,Agadir,MA,2022-07-23 23:14:18,30.4202,-9.5982,73.85,67,94,4.36
143,Verkhoyansk,RU,2022-07-23 23:14:18,67.5447,133.385,58.06,94,100,2.75
144,Chicama,PE,2022-07-23 23:14:19,-7.8447,-79.1469,61.34,80,42,8.3
145,Cabo San Lucas,MX,2022-07-23 23:11:24,22.8909,-109.9124,80.71,71,93,4.32
146,Port Blair,IN,2022-07-23 23:14:19,11.6667,92.75,80.55,86,92,8.97
147,Northam,GB,2022-07-23 23:10:33,51.0333,-4.2167,64.08,87,99,17.65
148,Ambon,ID,2022-07-23 23:09:41,-3.6954,128.1814,76.23,16,75,8.05
149,Cayenne,GF,2022-07-23 23:14:16,4.9333,-52.3333,79.09,82,94,7.78
150,Cheyenne,US,2022-07-23 23:14:20,41.14,-104.8203,80.74,44,75,13.8
151,Beringovskiy,RU,2022-07-23 23:11:53,63.05,179.3167,45.1,80,100,12.57
152,Ararat,AM,2022-07-23 23:14:20,39.8317,44.7049,64.74,50,0,11.01
153,Klyuchi,RU,2022-07-23 23:14:21,52.2667,79.1667,62.19,75,78,7.74
154,Sorkjosen,NO,2022-07-23 23:14:21,69.8,20.9333,50.29,88,99,7.16
155,Halmstad,SE,2022-07-23 23:14:21,56.6745,12.8568,63.01,88,100,5.75
156,Saint George,US,2022-07-23 23:12:02,37.1041,-113.5841,103.62,18,0,13.8
157,Vardo,NO,2022-07-23 23:14:22,70.3705,31.1107,49.98,93,75,5.75
158,Tazmalt,DZ,2022-07-23 23:14:22,36.3868,4.3989,80.69,33,0,2.8
159,Airai,TL,2022-07-23 23:10:33,-8.9266,125.4092,54.99,75,65,2.42
160,Luderitz,NA,2022-07-23 23:14:23,-26.6481,15.1594,58.17,65,0,19.77
161,Souillac,MU,2022-07-23 23:14:23,-20.5167,57.5167,68.38,83,40,11.5
162,Donegal,IE,2022-07-23 23:14:23,54.65,-8.1167,60.58,94,100,9.91
163,Kodiak,US,2022-07-23 23:12:27,57.79,-152.4072,51.31,93,100,13.8
164,Bage,BR,2022-07-23 23:12:34,-31.3314,-54.1069,65.98,82,0,6.91
165,Lebu,CL,2022-07-23 23:14:24,-37.6167,-73.65,51.75,93,100,5.57
166,Kindu,CD,2022-07-23 23:14:24,-2.95,25.95,73.18,84,79,2.68
167,Ketchikan,US,2022-07-23 23:14:25,55.3422,-131.6461,59.47,77,100,11.5
168,Paamiut,GL,2022-07-23 23:14:25,61.994,-49.6678,43.43,91,12,4.09
169,Plouzane,FR,2022-07-23 23:11:22,48.3833,-4.6167,61.12,97,20,10.36
170,Slave Lake,CA,2022-07-23 23:13:41,55.2834,-114.769,75.72,42,63,5.88
171,Longyan,CN,2022-07-23 23:14:25,25.1072,117.0225,80.02,72,3,1.54
172,Dingle,PH,2022-07-23 23:10:56,10.9995,122.6711,79.52,87,81,1.43
173,Atibaia,BR,2022-07-23 23:14:26,-23.131,-46.589,64.96,50,54,2.59
174,Vyazovaya,RU,2022-07-23 23:14:26,54.905,58.3561,57.22,93,61,2.75
175,East London,ZA,2022-07-23 23:14:27,-33.0153,27.9116,57.85,65,64,21.72
176,Teruel,ES,2022-07-23 23:14:27,40.6667,-0.6667,70.52,57,0,8.57
177,Khatanga,RU,2022-07-23 23:14:27,71.9667,102.5,56.55,76,13,12.95
178,Naron,ES,2022-07-23 23:14:28,43.5167,-8.1528,67.05,80,2,4.25
179,Imbituba,BR,2022-07-23 23:14:28,-28.24,-48.6703,63.28,96,25,6.78
180,Mabai,CN,2022-07-23 23:14:28,23.0128,104.4508,62.53,98,55,1.32
181,Rancho Palos Verdes,US,2022-07-23 23:14:29,33.7445,-118.387,85.98,77,0,18.41
182,Loreto,MX,2022-07-23 23:11:25,22.2667,-101.9667,80.29,24,72,9.95
183,Fortuna,US,2022-07-23 23:14:05,40.5982,-124.1573,70.09,71,19,4.0
184,Gat,IL,2022-07-23 23:15:29,31.61,34.7642,79.48,100,0,1.16
185,Glasgow,GB,2022-07-23 23:10:50,55.8652,-4.2576,64.81,88,100,12.66
186,Daru,PG,2022-07-23 23:15:30,-9.0763,143.2092,77.92,89,82,14.45
187,Olinda,BR,2022-07-23 23:15:30,-8.0089,-34.8553,75.61,84,71,14.88
188,Carnarvon,AU,2022-07-23 23:15:30,-24.8667,113.6333,63.18,64,60,17.4
189,Lorengau,PG,2022-07-23 23:15:31,-2.0226,147.2712,83.53,76,16,8.95
190,Lufilufi,WS,2022-07-23 23:15:31,-13.8745,-171.5986,80.01,74,9,7.63
191,Hailar,CN,2022-07-23 23:13:05,49.2,119.7,65.05,83,100,5.03
192,Ureki,GE,2022-07-23 23:15:32,41.9956,41.7786,66.94,75,25,5.41
193,Barrow,US,2022-07-23 23:13:02,71.2906,-156.7887,39.22,81,100,13.8
194,Yeppoon,AU,2022-07-23 23:13:25,-23.1333,150.7333,58.78,73,0,7.54
195,Nyuksenitsa,RU,2022-07-23 23:15:32,60.4128,44.2397,61.79,88,13,5.5
196,Nikolayevka,RU,2022-07-23 23:15:33,53.1257,47.2041,61.38,88,45,5.19
197,Hithadhoo,MV,2022-07-23 23:15:33,-0.6,73.0833,81.25,72,100,4.36
198,Edgewater,US,2022-07-23 23:15:33,28.9889,-80.9023,88.09,65,16,10.96
199,Nogliki,RU,2022-07-23 23:15:34,51.8333,143.1667,60.4,78,73,6.82
200,Walvis Bay,NA,2022-07-23 23:15:34,-22.9575,14.5053,54.55,87,0,9.22
201,Hambantota,LK,2022-07-23 23:14:00,6.1241,81.1185,79.34,80,93,19.17
202,Pak Phanang,TH,2022-07-23 23:15:35,8.3511,100.202,80.62,85,99,3.4
203,Macau,MO,2022-07-23 23:15:35,22.2006,113.5461,87.85,84,20,3.44
204,Bilma,NE,2022-07-23 23:15:35,18.6853,12.9164,92.43,23,8,4.68
205,Celestun,MX,2022-07-23 23:15:36,20.8667,-90.4,81.81,81,100,16.73
206,Mindelo,CV,2022-07-23 23:15:36,16.8901,-24.9804,76.08,88,65,8.88
207,Cabra,ES,2022-07-23 23:15:36,37.4725,-4.4421,82.83,28,0,6.17
208,Krasavino,RU,2022-07-23 23:15:37,60.9614,46.4814,63.57,86,14,5.53
209,Paka,MY,2022-07-23 23:15:37,4.6374,103.4368,75.13,100,20,0.0
210,Namibe,AO,2022-07-23 23:15:27,-15.1961,12.1522,63.21,90,36,1.14
211,Sistranda,NO,2022-07-23 23:15:37,63.7256,8.834,51.76,85,100,17.16
212,Aras,ES,2022-07-23 23:15:38,42.5617,-2.356,68.41,68,0,1.14
213,Pemex,MX,2022-07-23 23:15:38,18.4395,-96.3461,82.74,83,100,5.12
214,Dudinka,RU,2022-07-23 23:12:59,69.4058,86.1778,67.62,63,46,11.21
215,Kavieng,PG,2022-07-23 23:13:27,-2.5744,150.7967,83.88,70,14,9.64
216,Villazon,BO,2022-07-23 23:15:39,-22.0866,-65.5942,49.44,12,1,8.14
217,Yerbogachen,RU,2022-07-23 23:15:39,61.2767,108.0108,67.93,89,63,7.67
218,Shingu,JP,2022-07-23 23:15:39,33.7333,135.9833,80.4,65,78,0.51
219,Sal Rei,CV,2022-07-23 23:15:40,16.1833,-22.9167,78.06,89,76,8.5
220,Saint-Francois,FR,2022-07-23 23:15:40,46.4154,3.9054,64.67,88,0,3.44
221,Namatanai,PG,2022-07-23 23:15:40,-3.6667,152.4333,83.7,66,8,4.76
222,Zhezkazgan,KZ,2022-07-23 23:15:41,47.8043,67.7144,72.37,31,35,7.4
223,College,US,2022-07-23 23:15:41,64.8569,-147.8028,66.07,43,40,0.0
224,Klyuchevskiy,RU,2022-07-23 23:15:41,53.5317,119.4519,64.69,76,51,3.13
225,Faanui,PF,2022-07-23 23:15:42,-16.4833,-151.75,79.45,73,10,13.58
226,Collingwood,CA,2022-07-23 23:12:37,44.4834,-80.2164,87.78,66,73,3.69
227,Puerto Leguizamo,CO,2022-07-23 23:15:42,-0.1934,-74.7819,73.13,89,97,1.05
228,Tieling,CN,2022-07-23 23:15:42,42.2931,123.8414,68.38,95,74,4.47
229,Muroto,JP,2022-07-23 23:15:43,33.2833,134.15,79.03,70,70,2.28
230,Dobsice,CZ,2022-07-23 23:16:43,48.8483,16.0822,72.64,82,98,7.92
231,Fairbanks,US,2022-07-23 23:16:43,64.8378,-147.7164,62.56,54,47,2.66
232,Athens,GR,2022-07-23 23:16:44,37.9795,23.7162,87.28,33,0,5.99
233,Avera,US,2022-07-23 23:13:10,33.194,-82.5271,91.45,46,55,7.99
234,Asau,RO,2022-07-23 23:16:44,46.4333,26.4,74.95,70,55,3.4
235,Esperance,AU,2022-07-23 23:15:22,-33.8667,121.9,49.84,66,100,22.39
236,Garissa,KE,2022-07-23 23:16:45,-0.4536,39.6401,71.15,83,23,18.3
237,Meulaboh,ID,2022-07-23 23:16:45,4.1363,96.1285,75.2,91,100,5.06
238,Mufulira,ZM,2022-07-23 23:16:46,-12.5498,28.2407,56.17,66,35,4.03
239,Lakes Entrance,AU,2022-07-23 23:16:46,-37.8811,147.981,49.15,67,81,4.5
240,Touros,BR,2022-07-23 23:16:46,-5.1989,-35.4608,76.24,85,44,15.35
241,Isangel,VU,2022-07-23 23:16:47,-19.55,169.2667,80.15,77,8,12.5
242,Floro,NO,2022-07-23 23:16:47,61.5996,5.0328,57.16,77,100,18.41
243,Kinkala,CG,2022-07-23 23:16:47,-4.3614,14.7644,73.24,68,32,3.69
244,Kudahuvadhoo,MV,2022-07-23 23:16:48,2.6708,72.8944,82.54,73,100,11.52
245,Khash,IR,2022-07-23 23:16:48,28.2211,61.2158,73.72,68,89,2.73
246,Charlottetown,CA,2022-07-23 23:14:06,46.2352,-63.1267,72.75,73,1,7.63
247,Linping,CN,2022-07-23 23:16:48,30.4225,120.2972,79.43,83,0,3.02
248,Guerrero Negro,MX,2022-07-23 23:13:00,27.9769,-114.0611,74.1,62,26,17.11
249,Coihaique,CL,2022-07-23 23:13:02,-45.5752,-72.0662,28.35,93,75,0.0
250,Inirida,CO,2022-07-23 23:16:49,3.8653,-67.9239,73.81,98,98,0.34
251,Bolitoc,PH,2022-07-23 23:16:49,15.7395,119.8769,82.56,83,91,4.72
252,Madimba,TZ,2022-07-23 23:16:50,-10.4,40.3333,68.22,88,9,7.76
253,Poya,NC,2022-07-23 23:16:50,-21.35,165.15,75.18,83,70,6.93
254,Solnechnyy,RU,2022-07-23 23:16:50,50.7214,136.6319,69.28,67,17,3.42
255,Norman Wells,CA,2022-07-23 23:16:51,65.282,-126.8329,62.64,82,75,4.61
256,Sucre,BO,2022-07-23 23:16:51,-19.0333,-65.2627,60.67,36,0,4.9
257,Lichuan,CN,2022-07-23 23:16:51,30.3,108.85,66.13,89,11,1.95
258,Belem De Sao Francisco,BR,2022-07-23 23:16:52,-8.7539,-38.9658,74.98,69,76,20.6
259,Thompson,CA,2022-07-23 23:15:52,55.7435,-97.8558,66.36,48,75,13.8
260,Amapa,BR,2022-07-23 23:16:52,1.0,-52.0,76.95,80,96,1.97
261,Presque Isle,US,2022-07-23 23:16:52,46.6811,-68.0159,84.06,48,0,5.75
262,Alta Floresta,BR,2022-07-23 23:16:53,-9.8756,-56.0861,79.23,32,4,3.96
263,Broome,US,2022-07-23 23:16:53,42.2506,-75.833,82.38,49,62,2.77
264,Paracuru,BR,2022-07-23 23:16:54,-3.41,-39.0306,79.11,79,61,12.03
265,Borzya,RU,2022-07-23 23:16:54,50.3833,116.5167,64.87,85,100,9.73
266,Pisco,PE,2022-07-23 23:16:54,-13.7,-76.2167,60.39,85,72,2.13
267,Kon Tum,VN,2022-07-23 23:16:13,14.35,108.0,67.66,97,64,1.43
268,Havre-Saint-Pierre,CA,2022-07-23 23:16:41,50.2334,-63.5986,65.1,83,25,4.7
269,Riohacha,CO,2022-07-23 23:16:55,11.5444,-72.9072,82.78,66,9,17.45
270,Tadine,NC,2022-07-23 23:16:55,-21.55,167.8833,76.28,86,71,14.54
271,Olafsvik,IS,2022-07-23 23:16:56,64.8945,-23.7142,51.57,85,38,9.26
272,Naantali,FI,2022-07-23 23:16:41,60.4674,22.0243,61.11,94,100,4.61
273,Cap Malheureux,MU,2022-07-23 23:16:56,-19.9842,57.6142,69.48,72,22,3.0
274,Mitu,CO,2022-07-23 23:16:07,1.1983,-70.1733,72.37,99,100,0.65
275,Vila Velha,BR,2022-07-23 23:17:57,-20.3297,-40.2925,73.35,88,40,3.44
276,Palmer,US,2022-07-23 23:17:57,42.1584,-72.3287,91.2,51,40,9.22
277,Quelimane,MZ,2022-07-23 23:17:57,-17.8786,36.8883,66.15,88,0,0.0
278,Tibu,CO,2022-07-23 23:17:58,8.639,-72.7358,79.32,84,28,2.24
279,Shimoda,JP,2022-07-23 23:17:58,34.6667,138.95,82.76,71,100,6.13
280,Suntar,RU,2022-07-23 23:17:58,62.1444,117.6319,72.64,69,53,9.95
281,Samandag,TR,2022-07-23 23:17:59,36.0842,35.9771,77.86,59,0,2.73
282,Beloha,MG,2022-07-23 23:17:59,-25.1667,45.05,65.66,73,11,4.54
283,Sovetskiy,RU,2022-07-23 23:17:59,61.3614,63.5842,49.3,70,65,4.25
284,Kayes,ML,2022-07-23 23:18:00,14.0,-11.0,81.66,69,100,5.5
285,Kushima,JP,2022-07-23 23:18:00,31.4583,131.2333,80.85,71,80,2.37
286,Mpika,ZM,2022-07-23 23:18:01,-11.8343,31.4529,55.72,67,88,5.32
287,Umkomaas,ZA,2022-07-23 23:18:01,-30.2067,30.7978,63.59,79,95,22.75
288,Tuatapere,NZ,2022-07-23 23:18:01,-46.1333,167.6833,45.19,83,53,2.53
289,Boa Vista,BR,2022-07-23 23:18:02,2.8197,-60.6733,76.98,83,75,0.0
290,Makakilo City,US,2022-07-23 23:18:02,21.3469,-158.0858,89.92,48,20,18.41
291,Tambopata,PE,2022-07-23 23:18:02,-12.7333,-69.1833,77.4,68,36,3.76
292,Utete,TZ,2022-07-23 23:18:03,-7.986,38.758,66.6,94,15,2.71
293,Tura,IN,2022-07-23 23:18:03,25.5198,90.2201,73.17,99,100,4.41
294,Chepareria,KE,2022-07-23 23:18:03,1.3077,35.2039,60.37,85,66,2.28
295,Kloulklubed,PW,2022-07-23 23:18:04,7.0419,134.2556,80.67,79,100,15.26
296,Pacific Grove,US,2022-07-23 23:16:22,36.6177,-121.9166,70.02,82,75,11.5
297,Saskylakh,RU,2022-07-23 23:15:25,71.9167,114.0833,55.89,76,45,3.83
298,Joppatowne,US,2022-07-23 23:18:04,39.4579,-76.3552,87.85,58,0,4.61
299,Sinjai,ID,2022-07-23 23:18:05,-5.1241,120.253,75.74,87,90,3.31
300,Omsukchan,RU,2022-07-23 23:18:05,62.5333,155.8,57.6,51,0,8.77
301,Yuci,CN,2022-07-23 23:18:05,37.6803,112.7319,65.95,82,0,0.0
302,Nemuro,JP,2022-07-23 23:18:06,43.3236,145.575,62.15,92,90,7.23
303,Leh,IN,2022-07-23 23:18:06,34.1667,77.5833,64.17,57,94,5.19
304,Chuy,UY,2022-07-23 23:18:06,-33.6971,-53.4616,61.9,89,79,6.96
305,Xai-Xai,MZ,2022-07-23 23:18:07,-25.0519,33.6442,64.31,70,7,8.37
306,Nuuk,GL,2022-07-23 23:18:07,64.1835,-51.7216,48.81,81,100,12.66
307,Hasaki,JP,2022-07-23 23:18:07,35.7333,140.8333,82.29,81,99,11.41
308,Orzhytsya,UA,2022-07-23 23:18:08,49.7918,32.7012,64.26,78,0,3.78
309,Port Elizabeth,ZA,2022-07-23 23:18:08,-33.918,25.5701,53.89,86,40,10.36
310,Iskateley,RU,2022-07-23 23:18:09,67.6803,53.1512,48.27,87,100,7.27
311,Inverell,AU,2022-07-23 23:13:50,-29.7833,151.1167,56.66,75,45,1.99
312,Alice Springs,AU,2022-07-23 23:18:09,-23.7,133.8833,63.95,20,0,10.36
313,Kedrovyy,RU,2022-07-23 23:18:09,56.1667,91.8167,50.41,81,87,3.31
314,Sao Miguel Do Araguaia,BR,2022-07-23 23:18:10,-13.275,-50.1628,79.0,30,2,4.34
315,Zhigansk,RU,2022-07-23 23:18:10,66.7697,123.3711,57.29,74,45,9.08
316,Flinders,AU,2022-07-23 23:18:10,-34.5833,150.8552,56.05,95,10,5.01
317,Elko,US,2022-07-23 23:16:55,41.0002,-115.5012,94.75,8,3,18.99
318,Aldan,RU,2022-07-23 23:18:11,58.6031,125.3894,74.8,60,66,2.44
319,Mount Isa,AU,2022-07-23 23:19:11,-20.7333,139.5,62.37,45,0,0.0
320,Ahipara,NZ,2022-07-23 23:17:59,-35.1667,173.1667,56.3,89,100,17.72
321,Praia,CV,2022-07-23 23:19:12,14.9215,-23.5087,79.34,83,75,5.75
322,Jambi,ID,2022-07-23 23:19:12,-1.6,103.6167,72.55,98,97,1.36
323,Proletarskiy,RU,2022-07-23 23:19:12,50.7914,35.7731,60.91,88,11,7.18
324,Soyo,AO,2022-07-23 23:19:13,-6.1349,12.3689,69.82,91,34,3.22
325,Fort Nelson,CA,2022-07-23 23:15:48,58.8053,-122.7002,67.59,56,75,8.05
326,Acapulco,MX,2022-07-23 23:15:30,16.8634,-99.8901,85.62,71,98,5.5
327,Asilah,MA,2022-07-23 23:19:13,35.465,-6.0348,80.56,63,21,9.66
328,Batouri,CM,2022-07-23 23:19:14,4.4333,14.3667,66.72,98,62,2.15
329,Cozumel,MX,2022-07-23 23:16:49,20.5083,-86.9458,80.67,88,100,8.05
330,Lamu,KE,2022-07-23 23:19:14,-2.2717,40.902,74.8,80,8,18.21
331,Verkhnevilyuysk,RU,2022-07-23 23:19:14,63.4453,120.3167,68.97,69,7,7.09
332,Krasnyy Yar,RU,2022-07-23 23:19:15,46.5331,48.3456,67.14,62,78,8.43
333,Pandharpur,IN,2022-07-23 23:19:15,17.6667,75.3333,74.5,82,100,12.06
334,Iqaluit,CA,2022-07-23 23:19:15,63.7506,-68.5145,47.93,87,100,3.44
335,Yumen,CN,2022-07-23 23:19:16,40.2833,97.2,73.44,28,1,7.07
336,Sioux Lookout,CA,2022-07-23 23:19:16,50.1001,-91.917,62.67,94,100,10.36
337,Mangaratiba,BR,2022-07-23 23:19:16,-22.9597,-44.0406,68.86,78,67,4.27
338,Kruisfontein,ZA,2022-07-23 23:19:17,-34.0033,24.7314,50.88,83,52,17.38
339,Svetlogorsk,BY,2022-07-23 23:19:17,52.6333,29.7333,64.18,68,71,6.85
340,Watsa,CD,2022-07-23 23:19:17,3.0372,29.5355,62.62,99,52,1.92
341,Talnakh,RU,2022-07-23 23:19:18,69.4865,88.3972,67.21,55,85,3.76
342,Mnogovershinnyy,RU,2022-07-23 23:19:18,53.9353,139.9242,70.11,46,34,3.04
343,San Jose,US,2022-07-23 23:15:03,37.3394,-121.895,92.59,46,0,11.5
344,Wakkanai,JP,2022-07-23 23:19:19,45.4094,141.6739,61.68,90,100,5.12
345,Ciudad Bolivar,VE,2022-07-23 23:19:19,8.1222,-63.5497,82.11,63,53,6.96
346,Valley City,US,2022-07-23 23:19:20,46.9233,-98.0032,79.32,53,20,13.8
347,Mangit,UZ,2022-07-23 23:19:20,40.5971,70.9607,88.41,16,3,4.72
348,Kadyy,RU,2022-07-23 23:19:20,57.787,43.1903,62.98,75,1,4.38
349,Stromness,GB,2022-07-23 23:19:21,58.965,-3.296,57.16,92,98,15.01
350,Atbasar,KZ,2022-07-23 23:19:21,51.8,68.3333,58.86,86,2,6.31
351,Peniche,PT,2022-07-23 23:19:21,39.3558,-9.3811,65.12,91,0,10.16
352,Puga,MX,2022-07-23 23:19:22,21.5833,-104.8167,80.87,66,36,7.18
353,Tamandare,BR,2022-07-23 23:19:22,-8.7597,-35.1047,74.64,85,44,11.63
354,Nurlat,RU,2022-07-23 23:19:22,54.4277,50.8051,62.87,80,38,3.0
355,Namwala,ZM,2022-07-23 23:19:23,-15.7504,26.4384,58.93,56,27,4.03
356,Natal,BR,2022-07-23 23:15:12,-5.795,-35.2094,80.82,74,40,13.8
357,Sao Filipe,CV,2022-07-23 23:19:23,14.8961,-24.4956,77.67,85,100,5.01
358,Broken Hill,AU,2022-07-23 23:18:49,-31.95,141.4333,55.78,72,2,9.95
359,Aripuana,BR,2022-07-23 23:19:24,-9.1667,-60.6333,79.48,40,7,1.97
360,Zhuhai,CN,2022-07-23 23:19:24,22.2769,113.5678,87.85,84,20,3.44
361,Gamba,GA,2022-07-23 23:19:24,-2.65,10.0,68.18,91,90,3.0
362,Coahuayana,MX,2022-07-23 23:19:09,18.7333,-103.6833,87.08,64,99,5.79
363,Martapura,ID,2022-07-23 23:19:06,-3.4167,114.85,73.76,91,59,2.64
364,Sakaiminato,JP,2022-07-23 23:20:25,35.55,133.2333,76.98,83,75,1.14
365,Nikki,BJ,2022-07-23 23:20:25,9.9401,3.2108,70.38,97,100,5.97
366,Miraflores,MX,2022-07-23 23:20:26,19.2167,-98.8083,74.16,72,84,3.91
367,Muravlenko,RU,2022-07-23 23:20:26,63.7898,74.523,50.02,95,100,19.01
368,Aklavik,CA,2022-07-23 23:19:36,68.2191,-135.0107,51.8,93,100,10.36
369,Nyurba,RU,2022-07-23 23:20:27,63.2842,118.3319,69.28,70,8,8.99
370,Troitskoye,RU,2022-07-23 23:20:27,52.9821,84.6757,55.42,89,86,5.66
371,Mandiana,GN,2022-07-23 23:20:27,10.6333,-8.6833,72.34,94,69,4.41
372,Ascension,US,2022-07-23 23:20:27,30.2169,-90.9001,86.0,82,0,0.0
373,Haines Junction,CA,2022-07-23 23:20:28,60.7522,-137.5108,64.35,36,74,12.66
374,Mahebourg,MU,2022-07-23 23:19:02,-20.4081,57.7,69.26,83,40,11.5
375,Sibiti,CG,2022-07-23 23:20:28,-3.6819,13.3499,71.19,77,98,1.9
376,Bathsheba,BB,2022-07-23 23:20:05,13.2167,-59.5167,80.71,72,6,13.04
377,Igarka,RU,2022-07-23 23:20:29,67.4667,86.5833,61.74,79,76,7.67
378,Svirsk,RU,2022-07-23 23:20:29,53.0858,103.3325,57.78,89,99,8.43
379,Moree,AU,2022-07-23 23:20:22,-29.4667,149.85,56.84,64,47,4.56
380,Kalmunai,LK,2022-07-23 23:20:29,7.4167,81.8167,79.63,82,100,1.45
381,Ribeira Grande,PT,2022-07-23 23:18:36,38.5167,-28.7,74.32,87,51,5.79
382,Biak,ID,2022-07-23 23:20:30,-0.9131,122.8766,75.79,85,57,5.3
383,Matagalpa,NI,2022-07-23 23:20:30,12.9256,-85.9175,79.61,78,75,6.91
384,Ordzhonikidzevskaya,RU,2022-07-23 23:20:31,43.3211,45.0522,64.74,88,100,5.82
385,Phayakkhaphum Phisai,TH,2022-07-23 23:20:31,15.5163,103.1937,80.42,86,100,4.54
386,Ngaoundere,CM,2022-07-23 23:20:31,7.3167,13.5833,63.63,97,96,1.63
387,Tautira,PF,2022-07-23 23:20:32,-17.7333,-149.15,79.18,76,4,16.44
388,Kahului,US,2022-07-23 23:20:32,20.8947,-156.47,79.68,68,5,12.64
389,Arys,KZ,2022-07-23 23:20:32,42.4252,68.795,86.27,21,0,11.18
390,Tubuala,PA,2022-07-23 23:20:33,9.5167,-79.0333,80.28,82,100,8.32
391,Rafai,CF,2022-07-23 23:20:33,4.95,23.9167,67.62,98,99,0.92
392,Pangody,RU,2022-07-23 23:20:33,65.85,74.4859,49.06,95,94,10.78
393,Road Town,VG,2022-07-23 23:18:33,18.4167,-64.6167,80.69,83,40,9.22
394,Kasongo-Lunda,CD,2022-07-23 23:20:34,-6.4667,16.8167,78.19,56,99,1.7
395,Eskil,TR,2022-07-23 23:20:34,38.4017,33.4131,65.23,52,0,9.98
396,Bestobe,KZ,2022-07-23 23:20:34,52.4994,73.0975,59.23,68,65,8.3
397,Grindavik,IS,2022-07-23 23:20:35,63.8424,-22.4338,49.95,93,100,8.05
398,Tarakan,ID,2022-07-23 23:20:35,3.3,117.6333,78.3,94,40,5.75
399,Bala,PS,2022-07-23 23:20:35,32.3339,35.1116,76.5,75,0,3.47
400,Banjar,ID,2022-07-23 23:20:36,-8.19,114.9675,70.27,85,68,6.6
401,Dayong,CN,2022-07-23 23:20:36,25.0209,118.2898,82.58,78,5,2.51
402,Mezen,RU,2022-07-23 23:20:37,65.8522,44.24,51.94,87,100,3.89
403,Acari,PE,2022-07-23 23:19:58,-15.4311,-74.6158,64.44,73,52,3.87
404,Port Macquarie,AU,2022-07-23 23:20:37,-31.4333,152.9167,58.89,77,84,7.43
405,Ayan,RU,2022-07-23 23:20:37,56.45,138.1667,63.5,77,99,10.02
406,Torbay,CA,2022-07-23 23:21:38,47.6666,-52.7314,75.97,78,20,12.66
407,Strezhevoy,RU,2022-07-23 23:21:38,60.7333,77.5889,47.84,93,90,8.68
408,Vestmannaeyjar,IS,2022-07-23 23:21:39,63.4427,-20.2734,54.03,86,100,6.69
409,Pando,UY,2022-07-23 23:21:39,-34.7167,-55.95,64.49,82,0,8.05
410,Labuhan,ID,2022-07-23 23:21:39,-6.8844,112.2051,74.61,85,88,8.28
411,Tres Passos,BR,2022-07-23 23:21:40,-27.4556,-53.9319,65.39,84,96,3.96
412,Thinadhoo,MV,2022-07-23 23:20:34,0.5333,72.9333,81.54,73,100,6.4
413,Sao Jose Da Coroa Grande,BR,2022-07-23 23:21:40,-8.8978,-35.1478,75.06,84,34,12.53
414,Narasaraopet,IN,2022-07-23 23:21:41,16.25,80.0667,78.93,79,100,4.07
415,Coquimbo,CL,2022-07-23 23:21:41,-29.9533,-71.3436,55.13,82,100,5.75
416,Oktyabrskiy,RU,2022-07-23 23:21:41,54.4815,53.471,61.68,85,17,1.9
417,Mardin,TR,2022-07-23 23:21:42,37.3131,40.7436,74.7,22,0,14.41
418,Grand Gaube,MU,2022-07-23 23:19:50,-20.0064,57.6608,69.39,72,26,5.01
419,Plettenberg Bay,ZA,2022-07-23 23:21:42,-34.0527,23.3716,52.9,76,83,10.2
420,Kabwe,ZM,2022-07-23 23:21:43,-14.4469,28.4464,55.24,74,15,4.72
421,Adrar,MR,2022-07-23 23:21:43,20.5022,-10.0711,94.96,28,93,10.96
422,Lasa,IT,2022-07-23 23:20:23,46.6166,10.7002,67.08,91,59,3.74
423,Elat,IL,2022-07-23 23:21:43,29.5581,34.9482,85.84,54,0,6.91
424,Huautla,MX,2022-07-23 23:21:44,21.0333,-98.2833,83.12,57,77,11.63
425,Labuan,MY,2022-07-23 23:21:44,5.2767,115.2417,80.47,82,89,6.73
426,Huarmey,PE,2022-07-23 23:21:44,-10.0681,-78.1522,63.37,85,64,8.59
427,Shelburne,CA,2022-07-23 23:18:31,44.0787,-80.2041,84.31,47,41,6.85
428,Hukuntsi,BW,2022-07-23 23:21:45,-24.0,21.75,63.28,32,69,6.29
429,Nicoya,CR,2022-07-23 23:21:45,10.1483,-85.452,77.38,91,97,1.88
430,Laibin,CN,2022-07-23 23:21:45,23.7,109.2667,79.47,82,0,3.18
431,Tabuk,PH,2022-07-23 23:21:46,17.4189,121.4443,78.39,86,99,1.59
432,Kargasok,RU,2022-07-23 23:21:46,59.0556,80.8572,52.79,77,100,6.76
433,Opuwo,NA,2022-07-23 23:21:20,-18.0607,13.84,60.12,38,0,3.2
434,Krasnyy Chikoy,RU,2022-07-23 23:21:46,50.3643,108.7512,55.51,92,43,1.7
435,Faya,SA,2022-07-23 23:21:47,18.3851,42.4509,61.32,76,100,17.58
436,Endicott,US,2022-07-23 23:21:47,42.0984,-76.0494,84.51,66,100,16.11
437,Waipawa,NZ,2022-07-23 23:21:47,-41.4122,175.5153,47.88,77,100,7.02
438,Tashtyp,RU,2022-07-23 23:21:48,52.7939,89.8983,50.74,94,62,2.21
439,Constitucion,CL,2022-07-23 23:19:06,-35.3333,-72.4167,54.18,88,100,1.66
440,Taiyuan,CN,2022-07-23 23:21:48,37.8694,112.5603,66.06,82,0,0.0
441,Gobabis,NA,2022-07-23 23:21:49,-22.45,18.9667,59.22,35,100,9.86
442,Venice,US,2022-07-23 23:18:11,27.0998,-82.4543,77.99,100,100,0.0
443,Okhotsk,RU,2022-07-23 23:21:26,59.3833,143.3,58.35,92,100,12.64
444,Caxito,AO,2022-07-23 23:21:49,-8.5785,13.6643,67.33,95,42,2.64
445,Todos Santos,MX,2022-07-23 23:21:50,23.45,-110.2167,79.03,75,84,6.06
446,Inhambane,MZ,2022-07-23 23:18:39,-23.865,35.3833,64.85,82,0,7.63
447,Puksoozero,RU,2022-07-23 23:21:50,62.5903,40.6066,60.15,88,31,3.71
448,Nizhnyaya Tavda,RU,2022-07-23 23:21:50,57.6731,66.1725,55.89,74,83,5.82
449,Hornepayne,CA,2022-07-23 23:21:51,49.2138,-84.7705,70.66,60,92,7.11
450,Staroutkinsk,RU,2022-07-23 23:21:51,57.2302,59.3348,55.76,82,70,3.15
451,Berlevag,NO,2022-07-23 23:22:51,70.8578,29.0864,51.75,87,100,16.11
452,Vengerovo,RU,2022-07-23 23:22:52,55.6848,76.7471,50.32,95,78,8.14
453,Batagay-Alyta,RU,2022-07-23 23:19:59,67.8006,130.4114,58.93,79,79,6.38
454,Baykit,RU,2022-07-23 23:22:52,61.67,96.37,59.88,98,99,4.32
455,Sobolevo,RU,2022-07-23 23:22:53,54.4299,31.8996,61.29,85,36,7.4
456,Eyemouth,GB,2022-07-23 23:22:53,55.8713,-2.0901,64.24,89,100,15.17
457,Hirara,JP,2022-07-23 23:22:53,24.8,125.2833,84.63,79,83,10.18
458,Manuk Mangkaw,PH,2022-07-23 23:22:53,4.8,119.85,83.61,74,26,9.33
459,Cockburn Town,TC,2022-07-23 23:22:54,21.4612,-71.1419,82.36,65,40,18.41
460,Husavik,IS,2022-07-23 23:19:54,66.0449,-17.3389,47.53,88,100,2.62
461,Sibolga,ID,2022-07-23 23:22:54,1.7427,98.7792,74.79,90,96,3.89
462,Yar-Sale,RU,2022-07-23 23:22:55,66.8333,70.8333,48.76,89,89,19.71
463,Lerwick,GB,2022-07-23 23:22:55,60.1545,-1.1494,53.6,91,100,16.58
464,Marovoay,MG,2022-07-23 23:22:55,-16.1,46.6333,66.83,67,16,5.59
465,Atar,MR,2022-07-23 23:19:01,20.5169,-13.0499,79.99,79,100,15.55
466,Hervey Bay,AU,2022-07-23 23:22:56,-25.2986,152.8535,61.74,80,10,14.54
467,Mbanza-Ngungu,CD,2022-07-23 23:22:56,-5.25,14.8667,71.46,65,21,5.08
468,Storforshei,NO,2022-07-23 23:22:56,66.4043,14.5233,51.01,86,95,3.89
469,Monteiro,BR,2022-07-23 23:22:57,-7.8894,-37.12,67.14,86,50,8.23
470,Qui Nhon,VN,2022-07-23 23:22:57,13.7667,109.2333,77.11,85,6,4.0
471,Tual,ID,2022-07-23 23:21:30,-5.6667,132.75,79.02,81,79,12.5
472,Cravo Norte,CO,2022-07-23 23:22:57,6.3017,-70.2041,79.52,77,93,6.98
473,Cabedelo,BR,2022-07-23 23:20:31,-6.9811,-34.8339,75.87,85,90,15.64
474,Mahibadhoo,MV,2022-07-23 23:22:58,3.7833,72.9667,81.73,76,88,12.88
475,Muyezerskiy,RU,2022-07-23 23:22:58,63.9333,31.65,53.46,98,60,3.69
476,Rio Grande,BR,2022-07-23 23:22:59,-32.035,-52.0986,60.91,97,66,8.37
477,Port Said,EG,2022-07-23 23:22:59,31.2565,32.2841,80.58,78,0,8.05
478,Cajibio,CO,2022-07-23 23:22:59,2.6227,-76.5704,60.24,99,93,0.96
479,La Orilla,MX,2022-07-23 23:22:59,17.9833,-102.2333,84.74,71,95,10.11
480,Banda Aceh,ID,2022-07-23 23:19:34,5.5577,95.3222,78.13,81,100,3.53
481,Wasilla,US,2022-07-23 23:23:00,61.5814,-149.4394,59.14,55,49,3.4
482,Tonj,SS,2022-07-23 23:23:00,7.2737,28.6822,70.2,95,50,2.73
483,Satipo,PE,2022-07-23 23:23:01,-11.2522,-74.6386,77.72,66,81,1.34
484,La Ronge,CA,2022-07-23 23:18:34,55.1001,-105.2842,56.46,73,99,3.87
485,Turayf,SA,2022-07-23 23:23:01,31.6725,38.6637,75.45,60,0,9.22
486,Billings,US,2022-07-23 23:23:01,45.7833,-108.5007,89.37,28,20,10.0
487,Rio Gallegos,AR,2022-07-23 23:23:02,-51.6226,-69.2181,28.45,93,0,12.66
488,Keti Bandar,PK,2022-07-23 23:19:00,24.1447,67.4497,82.99,84,100,16.26
489,Ust-Kuyga,RU,2022-07-23 23:23:02,70.0167,135.6,66.74,60,33,1.68
490,Upata,VE,2022-07-23 23:23:03,8.0086,-62.3989,80.19,86,78,2.64
491,Bichena,ET,2022-07-23 23:23:03,10.45,38.2,53.8,85,50,3.83
492,Port Keats,AU,2022-07-23 23:23:03,-14.25,129.55,64.31,31,33,6.8
493,Uvinza,TZ,2022-07-23 23:23:04,-5.1036,30.3911,66.88,58,4,1.77
494,Esfarayen,IR,2022-07-23 23:23:04,37.0765,57.5101,67.66,59,1,6.06
495,Atlantic Beach,US,2022-07-23 23:22:16,30.3344,-81.3987,86.09,80,0,9.22
496,Port Moresby,PG,2022-07-23 23:23:04,-9.4431,147.1797,80.02,83,75,11.5
497,Hofn,IS,2022-07-23 23:20:57,64.2539,-15.2082,52.99,84,77,1.41
498,Kholm,RU,2022-07-23 23:23:05,59.2667,32.85,62.8,98,80,4.0
499,Aviles,ES,2022-07-23 23:21:29,43.5547,-5.9248,67.17,79,0,3.44
500,Darnah,LY,2022-07-23 23:24:05,32.767,22.6367,76.14,78,0,15.12
501,Vinukonda,IN,2022-07-23 23:24:06,16.05,79.75,78.82,80,100,5.46
502,Krasnogorodsk,RU,2022-07-23 23:24:06,56.8357,28.2822,58.6,94,21,5.1
503,Moosomin,CA,2022-07-23 23:24:06,50.1333,-101.6677,58.41,74,80,14.34
504,Clyde River,CA,2022-07-23 23:24:07,70.4692,-68.5914,55.63,67,0,6.91
505,Portland,US,2022-07-23 23:21:27,45.5234,-122.6762,81.95,28,1,6.53
506,Morondava,MG,2022-07-23 23:24:07,-20.2833,44.2833,67.05,83,2,6.69
507,North Myrtle Beach,US,2022-07-23 23:24:07,33.816,-78.68,82.99,82,20,9.22
508,Barauna,BR,2022-07-23 23:24:08,-5.08,-37.6167,79.43,60,58,12.12
509,Yulara,AU,2022-07-23 23:24:08,-25.2406,130.9889,58.98,36,0,8.39
510,Bandar-E Lengeh,IR,2022-07-23 23:22:25,26.5579,54.8807,91.17,76,76,11.07
511,Safonovo,RU,2022-07-23 23:24:09,55.15,33.2167,59.7,94,9,5.32
512,Miandrivazo,MG,2022-07-23 23:24:09,-19.5167,45.4667,67.33,71,54,0.98
513,Brae,GB,2022-07-23 23:24:09,60.3964,-1.353,52.45,92,100,14.83
514,Taldan,RU,2022-07-23 23:24:10,53.6667,124.8,70.48,62,4,2.13
515,Lumsden,CA,2022-07-23 23:24:10,50.6501,-104.8678,68.95,47,92,10.78
516,Wajima,JP,2022-07-23 23:24:10,37.4,136.9,75.88,78,75,4.61
517,Uyovu,TZ,2022-07-23 23:24:11,-3.2833,31.5258,67.24,46,32,2.73
518,Poindimie,NC,2022-07-23 23:24:11,-20.9333,165.3333,77.47,79,2,2.37
519,Lulea,SE,2022-07-23 23:24:11,65.5842,22.1547,53.67,82,74,4.61
520,Xuanhua,CN,2022-07-23 23:24:12,40.6103,115.0447,73.63,50,4,2.33
521,Barabinsk,RU,2022-07-23 23:24:12,55.3571,78.357,53.33,98,52,10.85
522,Stende,LV,2022-07-23 23:24:12,57.15,22.5333,56.97,89,86,6.29
523,Lata,PT,2022-07-23 23:24:13,40.1629,-8.3327,59.68,82,0,1.43
524,Tessalit,ML,2022-07-23 23:24:13,20.1986,1.0114,94.6,21,78,14.38
525,Iroquois Falls,CA,2022-07-23 23:24:13,48.7669,-80.6831,73.42,62,98,6.44
526,Sechura,PE,2022-07-23 23:22:47,-5.5569,-80.8222,70.12,68,12,16.78
527,Abu Kamal,SY,2022-07-23 23:24:14,34.4506,40.9171,88.79,21,0,16.84
528,Alekseyevsk,RU,2022-07-23 23:24:14,57.8406,108.3492,61.79,96,100,2.26
529,Bandarbeyla,SO,2022-07-23 23:24:14,9.4942,50.8122,76.03,82,25,29.91
530,Xining,CN,2022-07-23 23:20:15,36.6167,101.7667,54.09,61,0,3.13
531,Boca Do Acre,BR,2022-07-23 23:24:15,-8.7522,-67.3978,82.45,62,97,2.59
532,Bogalusa,US,2022-07-23 23:21:29,30.791,-89.8487,84.74,70,0,5.75
533,Wewak,PG,2022-07-23 23:24:15,-3.5534,143.6268,80.91,85,28,6.17
534,Poum,NC,2022-07-23 23:24:16,-20.2333,164.0167,74.84,73,81,9.01
535,Yelizovo,RU,2022-07-23 23:24:16,53.1873,158.3805,68.14,68,20,6.71
536,Swan River,CA,2022-07-23 23:24:16,52.1058,-101.2676,59.95,81,94,8.01
537,Barabai,ID,2022-07-23 23:24:17,-2.5833,115.3833,73.17,91,26,2.15
538,Sazonovo,RU,2022-07-23 23:24:17,59.0919,35.2268,61.68,79,26,5.19
539,Hualmay,PE,2022-07-23 23:20:33,-11.0964,-77.6139,62.33,83,29,8.41
540,Dothan,US,2022-07-23 23:24:18,31.2232,-85.3905,88.81,52,23,9.82
541,Puerto El Triunfo,SV,2022-07-23 23:24:18,13.2833,-88.55,88.72,78,84,6.51
542,Kaeo,NZ,2022-07-23 23:24:18,-35.1,173.7833,56.35,92,100,19.19
543,Polis,CY,2022-07-23 23:24:19,35.0367,32.4264,76.82,56,0,2.53
544,Rondonopolis,BR,2022-07-23 23:24:19,-16.4708,-54.6356,79.56,29,20,1.95
545,Blind River,CA,2022-07-23 23:24:19,46.1834,-82.9582,77.11,57,92,5.32
546,Conneaut,US,2022-07-23 23:24:20,41.9476,-80.5542,82.85,55,80,13.22
547,Pangai,TO,2022-07-23 23:22:19,-19.8,-174.35,74.71,66,98,19.51
548,Rantepao,ID,2022-07-23 23:25:20,-2.9701,119.8978,66.0,94,59,1.39
549,Mehamn,NO,2022-07-23 23:25:20,71.0357,27.8492,51.71,93,100,21.85
550,Pochutla,MX,2022-07-23 23:25:21,15.7432,-96.4661,85.82,68,100,0.38
551,Mawlaik,MM,2022-07-23 23:25:21,23.6333,94.4167,74.8,99,100,1.07
552,Fairview,US,2022-07-23 23:25:22,40.8126,-73.999,94.32,48,0,14.97
553,Konin,PL,2022-07-23 23:25:22,52.2234,18.2512,59.32,92,77,7.16
554,Le Port,RE,2022-07-23 23:25:22,-20.9373,55.2919,68.25,74,43,5.95
555,Independence,US,2022-07-23 23:25:23,39.0911,-94.4155,99.82,37,0,17.27
556,Sao Raimundo Nonato,BR,2022-07-23 23:25:23,-9.0153,-42.6994,76.66,44,32,3.47
557,Socorro,US,2022-07-23 23:25:23,31.6546,-106.3033,101.5,22,75,14.97
558,Qeshm,IR,2022-07-23 23:25:24,26.9581,56.2719,89.49,85,72,12.44
559,Porto Santo,PT,2022-07-23 23:25:24,33.072,-16.3415,69.4,91,3,11.14
560,Frolovo,RU,2022-07-23 23:25:24,49.7713,43.6622,60.39,88,72,6.89
561,Morgan City,US,2022-07-23 23:25:25,29.6994,-91.2068,87.13,63,85,9.06
